{
  "input_shape": [
    1,
    40,
    150
  ],
  "output_positions": 4,
  "num_classes": 33,
  "chars": "ABCDEFGHIJKLMNPQRSTUVWXYZ23456789",
  "char_to_idx": {
    "A": 0,
    "B": 1,
    "C": 2,
    "D": 3,
    "E": 4,
    "F": 5,
    "G": 6,
    "H": 7,
    "I": 8,
    "J": 9,
    "K": 10,
    "L": 11,
    "M": 12,
    "N": 13,
    "P": 14,
    "Q": 15,
    "R": 16,
    "S": 17,
    "T": 18,
    "U": 19,
    "V": 20,
    "W": 21,
    "X": 22,
    "Y": 23,
    "Z": 24,
    "2": 25,
    "3": 26,
    "4": 27,
    "5": 28,
    "6": 29,
    "7": 30,
    "8": 31,
    "9": 32
  },
  "idx_to_char": {
    "0": "A",
    "1": "B",
    "2": "C",
    "3": "D",
    "4": "E",
    "5": "F",
    "6": "G",
    "7": "H",
    "8": "I",
    "9": "J",
    "10": "K",
    "11": "L",
    "12": "M",
    "13": "N",
    "14": "P",
    "15": "Q",
    "16": "R",
    "17": "S",
    "18": "T",
    "19": "U",
    "20": "V",
    "21": "W",
    "22": "X",
    "23": "Y",
    "24": "Z",
    "25": "2",
    "26": "3",
    "27": "4",
    "28": "5",
    "29": "6",
    "30": "7",
    "31": "8",
    "32": "9"
  },
  "normalization": {
    "mean": [
      0.5
    ],
    "std": [
      0.5
    ]
  },
  "best_accuracy": 97.93689320388349,
  "export_date": "2025-08-28 21:26:56"
}